distance,avg_speed,max_speed,speed_std,idle_time,accel_intensity,load,engine_cc,fuel_used
49,41.5531914893617,79,27.35371810320701,7,3.172043010752688,107,200,1.674363776060189
86,38.22857142857143,78,20.824553796332022,5,4.478260869565218,172,155,2.099368256205449
44,51.04545454545455,77,18.30998387879884,1,3.6615384615384614,84,150,0.991170334380375
87,24.872340425531913,42,11.717629963828728,3,3.5217391304347827,246,160,2.335947700921094
119,28.0,53,14.77751670613165,1,2.6129032258064515,238,155,2.8917073785217653
64,31.551020408163264,79,20.414141981389232,2,3.8350515463917527,172,200,2.1771208462936094
26,22.387096774193548,48,11.958739331969301,2,3.1311475409836067,94,200,0.8409711552062216
24,47.651162790697676,85,27.87003368705688,1,4.211764705882353,204,160,0.665689023532487
116,54.5,102,33.85738807517094,7,3.743119266055046,158,200,4.159263418746272
27,49.3125,80,21.181415055420636,1,3.888888888888889,91,160,0.7236010829366392
94,59.83132530120482,90,24.76093857200224,0,2.5853658536585367,170,155,2.3522233836624964
110,40.70909090909091,80,23.695931931085653,3,4.1192660550458715,193,155,2.70943322412093
75,53.78082191780822,77,18.176642075275353,0,3.3194444444444446,106,150,1.7017267042193807
105,41.08,73,22.62550772910964,2,4.285714285714286,124,155,2.541400245226036
37,23.264705882352942,57,17.117773397552774,2,4.181818181818182,226,160,0.9904711647528311
8,52.22784810126582,90,23.178421526999113,0,3.6538461538461537,220,155,0.2007674279573412
109,55.13333333333333,73,15.984853942265334,0,2.7586206896551726,203,160,3.017431099785363
43,35.23893805309734,70,20.156148993175773,8,4.232142857142857,89,150,0.9573834577239275
80,47.94174757281554,79,21.51622789815647,4,3.480392156862745,69,125,1.4665925766595929
8,59.16216216216216,83,21.709399525493264,0,3.232876712328767,207,160,0.2241442916653325
49,34.85981308411215,76,19.80297749637846,6,3.641509433962264,92,125,0.891277599460227
78,58.6764705882353,75,10.840340205849017,0,2.4545454545454546,168,125,1.4589588029865306
96,53.04,91,25.663951371525005,3,4.6938775510204085,105,125,1.7850393722617817
11,44.98684210526316,71,21.597693237602844,2,4.333333333333333,93,150,0.24741677896739248
49,16.355555555555554,35,9.672769465659899,5,3.840909090909091,132,150,1.0694392871142724
108,28.25581395348837,63,18.97377997825054,3,3.761904761904762,234,110,1.688356848685074
112,49.88732394366197,79,23.86850673933087,2,3.4285714285714284,66,200,3.802741510937349
79,30.64367816091954,71,20.316448809234817,8,4.383720930232558,151,125,1.4491963014832663
106,68.52727272727273,85,16.251270770401085,0,2.4814814814814814,190,200,3.8424119585425247
9,32.4,76,23.436797525704524,15,3.8333333333333335,111,125,0.16479422964399743
44,14.228571428571428,31,8.828802585970582,7,3.411764705882353,164,150,0.9647591725164658
11,47.568627450980394,79,21.44327208529408,2,5.3,112,155,0.2675990761408244
13,50.516666666666666,69,13.829306642858933,0,2.3389830508474576,182,110,0.2042556567239211
110,37.204301075268816,75,22.77971137477285,1,4.608695652173913,119,150,2.4684683586063914
32,49.59130434782609,72,20.208433733242433,4,3.3596491228070176,215,110,0.5075353471185625
106,63.06060606060606,90,23.87713422977368,0,3.163265306122449,221,155,2.69760428165771
13,82.36666666666666,100,12.366576819080624,0,2.0508474576271185,107,200,0.4666416636556907
79,40.10843373493976,63,18.46586694756374,2,4.109756097560975,106,110,1.2214691844597152
80,56.71559633027523,90,26.425971289421778,1,3.462962962962963,101,155,1.9654608326548968
23,39.23529411764706,75,24.17914206889907,13,3.4554455445544554,230,125,0.43302559538898444
91,41.16494845360825,64,17.373804438505864,2,3.6979166666666665,211,110,1.4303088658975252
72,43.357894736842105,88,23.11159007008966,5,4.180851063829787,132,155,1.7538934935642387
117,45.87301587301587,77,23.2300380688945,1,3.935483870967742,188,155,2.8923147672118104
55,46.53658536585366,71,24.076197699332567,2,4.125,176,150,1.2647782206119462
81,53.224137931034484,81,19.62233342608425,0,3.491228070175439,62,160,2.160548838295224
96,37.13483146067416,74,20.682832815796807,1,3.4886363636363638,109,110,1.482093806068516
35,34.375,63,15.737310647902056,1,4.8545454545454545,155,150,0.7857232052983234
86,46.90350877192982,68,18.84375707418708,4,3.336283185840708,114,110,1.3388118651966292
30,64.0,73,6.596856715021065,0,2.207547169811321,160,125,0.5616526864210581
91,38.97849462365591,76,25.313933642235842,11,4.641304347826087,149,125,1.6884368304368234
20,54.510416666666664,90,25.966723413368673,1,3.736842105263158,129,200,0.7008689848148526
58,49.14492753623188,84,25.494685642487173,6,4.588235294117647,111,200,2.009396795686493
24,43.67326732673267,96,32.05413394846229,9,4.32,150,200,0.8420487538507455
72,57.654545454545456,100,30.777334152272857,3,3.458715596330275,171,155,1.8096998064250267
12,64.02631578947368,95,30.485964710360236,5,3.28,116,200,0.4286800489121327
88,21.466666666666665,49,14.016815298458887,2,3.7954545454545454,109,125,1.5792020801376683
99,39.4,81,26.900557615038387,8,3.477064220183486,81,200,3.343024648922223
24,33.3125,68,20.236781951436843,3,5.032258064516129,129,160,0.6370106158768237
5,38.186440677966104,72,20.158250677627613,3,3.586206896551724,222,150,0.11477766534280659
90,57.13793103448276,78,20.014174525227823,1,3.5964912280701755,185,155,2.248380122872256
96,42.76470588235294,81,24.954734106482874,1,3.8358208955223883,81,110,1.4853854355089986
70,33.89423076923077,81,22.844759653781722,6,4.747572815533981,219,200,2.445838414313507
37,40.61842105263158,87,28.72371434769497,4,3.8133333333333335,138,200,1.276089380808477
69,39.93181818181818,80,22.414380253506014,2,3.942528735632184,143,160,1.8546753519724575
18,33.18333333333333,61,17.548496295187867,0,3.4915254237288136,237,150,0.4109146470304159
56,46.891891891891895,94,26.016921503683967,0,3.219178082191781,77,155,1.3501741637884086
21,67.0,93,25.458836991354907,2,2.3653846153846154,162,155,0.5298799358176461
33,33.31578947368421,68,20.660291513658827,3,3.6808510638297873,240,110,0.5188094545530628
105,26.17391304347826,56,17.812189704789105,10,3.4835164835164836,228,110,1.639661750029391
94,70.61904761904762,93,12.043082149699018,0,2.201923076923077,178,155,2.3653940893144436
118,55.127272727272725,63,6.205729157815808,0,2.5,148,110,1.8443994450650558
27,37.81,68,22.417713978013012,11,4.01010101010101,153,110,0.4216999645986664
63,23.54901960784314,55,17.460671466425314,4,3.92,152,160,1.6560674461589424
25,49.57303370786517,84,24.869044717854344,6,3.1818181818181817,76,160,0.6708167100957254
72,22.906976744186046,55,17.32025827387911,9,4.571428571428571,167,160,1.904651743750306
112,58.58108108108108,75,18.93517159033918,1,3.164383561643836,155,125,2.1010643681221985
18,65.41441441441441,81,12.446981955165866,0,2.3181818181818183,229,160,0.5074261457297107
74,65.58119658119658,110,32.12162764666133,4,3.3189655172413794,139,200,2.675872369530448
116,36.17777777777778,69,21.162113829397928,7,3.6853932584269664,246,110,1.8322877929969625
106,36.770833333333336,80,23.206715607891514,6,3.9263157894736844,87,125,1.9336642176101808
86,34.620253164556964,76,22.68066917809718,4,2.9358974358974357,160,125,1.5840524562933713
56,36.130434782608695,62,21.202210059452927,5,4.220588235294118,170,110,0.8737905042400801
65,40.416666666666664,77,20.138927203028683,3,4.694915254237288,117,125,1.1935978589765142
50,50.20192307692308,67,18.250595252511793,3,3.1650485436893203,96,125,0.920881812055136
84,50.97727272727273,75,17.435580961673583,0,3.160919540229885,87,110,1.3037074677900766
16,27.408602150537636,68,19.131821467640577,6,4.0,248,125,0.2974220096955358
105,40.45161290322581,63,15.319897897573977,4,3.1311475409836067,150,110,1.6326511187657555
81,61.76086956521739,83,21.076655933302437,2,4.133333333333334,95,200,2.8297611983930886
24,35.734939759036145,68,22.83259366410452,8,3.4634146341463414,221,110,0.37783530793163217
16,36.05714285714286,74,21.37280362268548,1,5.0588235294117645,188,160,0.4329753389544849
69,49.71052631578947,66,13.62449012998061,0,2.72972972972973,236,110,1.0928693479177505
27,36.18181818181818,67,17.966221749910083,1,4.107692307692307,162,110,0.41959597269508275
91,27.0188679245283,55,17.46315859609502,9,4.133333333333334,144,110,1.4034583694553762
57,35.26136363636363,81,22.506309377080452,8,4.494252873563219,215,200,1.9949620263617749
10,29.56779661016949,63,18.921550270434995,8,3.623931623931624,217,150,0.22738121707119216
52,47.699029126213595,71,17.62656586803347,3,3.4705882352941178,82,110,0.8053596306980947
37,24.21590909090909,60,15.487860982392544,10,4.057471264367816,242,125,0.6846492586663787
11,37.0,66,17.793387849501585,3,5.0476190476190474,239,150,0.25308130164433207
103,50.35849056603774,86,21.38161292574802,0,4.115384615384615,110,200,3.5424390753854067
44,48.93333333333333,68,13.833775093347924,0,2.9775280898876404,111,110,0.6831320222873288
54,59.0,77,10.828203913853857,0,2.064516129032258,157,160,1.4765162858364094
49,43.225806451612904,80,26.783933971194216,4,4.043478260869565,80,160,1.3068948495368522
54,60.14705882352941,69,6.088235294117647,0,2.4242424242424243,238,150,1.2607093081663117
14,61.48837209302326,85,18.53390619230786,1,3.880952380952381,164,160,0.3883029169814702
103,43.40196078431372,84,24.41361714366959,5,3.772277227722772,141,125,1.9096493938857613
34,59.45454545454545,94,22.574577963894114,0,3.330275229357798,144,155,0.8441579127468157
25,40.0375,79,23.77784880408655,7,4.569620253164557,227,150,0.5788108275765016
105,33.273972602739725,53,16.620881629331087,4,3.6666666666666665,105,110,1.6138698556525037
44,56.54782608695652,84,21.407127410508732,1,3.3771929824561404,190,155,1.1006794727168152
107,17.920353982300885,67,15.092130981866397,22,4.625,133,200,3.54349007163232
65,76.34,104,14.972788651416941,0,2.3469387755102042,105,200,2.3139957864359086
55,38.125,65,18.97372478304819,1,3.7636363636363637,136,110,0.8527926030085375
33,63.76744186046512,78,16.78570434030423,1,4.428571428571429,66,200,1.1398603889195538
117,42.3125,76,21.433187126898947,3,4.170212765957447,185,150,2.679517917019117
106,49.90625,74,26.19203048519721,6,4.161290322580645,184,155,2.6438876640217117
57,31.31578947368421,57,12.550470592612436,2,3.9285714285714284,170,150,1.2762940776003915
77,38.644067796610166,70,24.610706442291008,3,3.793103448275862,77,150,1.7169199748953143
103,52.092592592592595,78,22.40475190876432,1,3.4150943396226414,144,150,2.360943627145881
11,58.726190476190474,79,13.588643008809292,0,2.289156626506024,206,150,0.25578739370996695
96,27.35483870967742,62,18.294276184178965,1,4.766666666666667,186,160,2.5591290013094516
26,34.41538461538462,77,22.497789503512976,7,4.515625,89,200,0.86974928763626
92,29.428571428571427,63,17.262183905788945,14,3.2289156626506026,72,125,1.6612030755358065
107,41.60747663551402,83,27.478371106733395,7,3.2358490566037736,231,150,2.4874557216960453
99,53.44578313253012,78,19.418196044939794,1,3.1707317073170733,129,150,2.2598438957397624
111,58.5,67,4.769696007084728,0,2.0985915492957745,97,110,1.724192419108584
78,34.90196078431372,74,19.716873337183575,7,4.58,113,200,2.62536136174702
5,62.808510638297875,92,28.219985597861385,1,3.9347826086956523,84,200,0.17546578694168957
29,31.74074074074074,63,15.832282832813995,5,4.275,106,160,0.7610151468848761
104,34.76136363636363,75,22.66805637805495,4,4.160919540229885,141,160,2.778857454060805
58,36.82857142857143,76,21.953829102115602,4,4.4326923076923075,101,155,1.389799151981082
50,37.983333333333334,65,19.561434564525733,2,4.237288135593221,72,150,1.1090286320803207
64,44.36585365853659,71,20.493016178106753,4,2.950617283950617,231,110,1.0133173308005259
73,52.53947368421053,79,24.5793242110185,1,2.84,82,155,1.7726171000613966
81,42.5,81,20.373809296819235,1,3.76,134,200,2.768910264687368
56,35.0873786407767,85,24.81547700435594,8,3.9019607843137254,247,155,1.3925121721828222
41,51.422680412371136,86,25.553999848933767,2,3.5104166666666665,89,155,0.9977652657773447
42,46.41489361702128,74,22.12941124408779,5,3.2903225806451615,131,125,0.7781559027726911
12,38.12844036697248,67,17.207370363168547,3,4.092592592592593,194,110,0.18775331099656153
56,30.983606557377048,74,25.66460329719865,8,4.716666666666667,128,125,1.0265394374166408
71,45.174418604651166,83,28.533208665605816,3,3.552941176470588,77,155,1.714430658004352
59,36.529411764705884,81,22.564376697183786,1,4.28,240,160,1.6206387805553863
36,59.189473684210526,71,5.96709351243548,0,2.24468085106383,219,110,0.570688250386121
37,42.46218487394958,78,26.60851885954186,13,3.4915254237288136,143,110,0.580401496332496
107,50.9622641509434,72,16.310619603643282,1,3.769230769230769,116,110,1.6684390850175537
51,60.274193548387096,81,17.925625336497315,0,2.622950819672131,174,150,1.18319573826027
80,48.431372549019606,81,22.946019264284022,1,4.0,237,150,1.8674114179632517
21,50.84375,70,12.537716536016436,0,2.3548387096774195,113,150,0.4734262737728805
84,58.92307692307692,70,6.240416715969746,0,2.736842105263158,231,125,1.5864873592940447
35,35.80952380952381,65,20.75698937008329,7,3.2903225806451615,146,150,0.7890844598427529
55,33.24761904761905,76,21.138897098040427,6,5.230769230769231,143,155,1.3270848911605966
116,61.38834951456311,75,9.229788214243127,0,2.1666666666666665,248,110,1.8534193815548348
9,55.4054054054054,81,23.69908135915987,0,4.166666666666667,78,125,0.1664444613926254
86,43.5,72,18.805973363438053,4,2.8641975308641974,124,160,2.3040083941810643
33,66.5632183908046,82,9.496159113969325,1,2.9069767441860463,132,125,0.6176227392495912
55,76.52884615384616,91,10.88838189113059,0,2.3980582524271843,225,160,1.571384397322443
23,71.17391304347827,87,14.894271364209107,0,2.311111111111111,190,200,0.8363018484837416
91,66.25641025641026,95,27.117709180834304,3,3.3376623376623376,203,150,2.15894885023847
54,25.63095238095238,68,17.360861676212664,9,3.4457831325301207,229,155,1.3141949170131082
84,23.482142857142858,52,16.60248590619206,5,3.4909090909090907,221,110,1.3047898760046355
69,43.95,73,20.486519958255478,0,4.230769230769231,65,150,1.537821255111864
46,44.24074074074074,73,21.326331476982112,6,3.7196261682242993,114,125,0.8480921654907055
74,20.91764705882353,56,12.462849985367933,6,4.357142857142857,224,125,1.3566544324353809
27,66.0945945945946,83,14.610408099558562,0,2.506849315068493,217,125,0.5144161892923418
28,50.54128440366973,78,20.38911929207023,4,4.12037037037037,96,150,0.6341089842459926
34,37.76288659793814,64,18.506489915355097,3,3.78125,122,110,0.5261088399792623
99,60.404761904761905,90,18.94108600975733,0,2.6341463414634148,63,160,2.662996682746221
89,68.17647058823529,97,25.32123489411329,1,2.722772277227723,249,155,2.2989913982430514
16,46.75,80,22.54794274922265,1,5.057142857142857,162,155,0.3936642106955188
115,28.814285714285713,72,23.326436784498927,9,3.2028985507246377,130,150,2.569753347507125
25,51.0,63,8.896905618104801,0,3.0714285714285716,201,110,0.3933895717161715
71,34.35294117647059,56,18.16139358198255,12,2.742574257425743,215,110,1.1139385248071318
98,61.484375,76,13.383749693541604,1,3.4285714285714284,74,110,1.52821444313109
81,46.683673469387756,91,27.361001942946995,3,3.9690721649484537,216,160,2.252113021166943
44,69.57281553398059,96,22.560641878627504,1,3.2254901960784315,150,155,1.108437415657012
53,39.795918367346935,78,25.810122671538522,6,4.25,146,155,1.293127623910338
71,20.69811320754717,54,15.482899764555073,7,2.5384615384615383,198,150,1.585562222879304
104,36.20754716981132,82,25.860553840299332,4,4.538461538461538,102,160,2.7635857929906744
33,41.714285714285715,73,20.440722327053432,1,4.341463414634147,142,155,0.8012157986906803
53,66.55555555555556,89,13.422295805537814,0,2.2954545454545454,169,160,1.472723964294431
42,21.333333333333332,52,13.234634696717379,3,4.431818181818182,161,200,1.3912342243139098
60,69.6470588235294,87,12.648837084284668,0,2.6666666666666665,98,125,1.1204164753639523
68,47.9,79,22.96061845856945,5,3.4242424242424243,229,150,1.5854802927487308
119,41.911764705882355,77,21.80983001128407,2,5.303030303030303,162,125,2.2086938936645266
27,38.31623931623932,79,24.1822317947539,12,4.198275862068965,110,160,0.7228762756248791
56,47.11965811965812,97,27.855292241619434,6,4.387931034482759,66,155,1.354199579283222
19,43.61363636363637,67,14.73125296943837,0,3.627906976744186,233,125,0.3557901569192083
105,35.54054054054054,74,23.187750643130435,12,3.9454545454545453,78,160,2.7741433364949484
11,49.535714285714285,84,23.14856080508978,1,3.618181818181818,71,200,0.37346332333732624
10,55.303030303030305,88,24.134076058156854,1,3.6615384615384614,241,155,0.2535859290505124
39,46.04347826086956,81,24.561685009591606,7,3.307017543859649,201,155,0.9706636853248372
15,33.410714285714285,100,29.243910712753692,15,4.54954954954955,83,160,0.39851047430408
15,32.22857142857143,57,17.32724644563455,2,3.823529411764706,225,155,0.36651684969036963
62,58.0,80,23.854208345991143,0,4.238095238095238,247,155,1.5798251259626963
86,55.86666666666667,77,14.566475971291828,0,2.413793103448276,82,160,2.302351141555065
43,56.116279069767444,91,28.352604820512816,2,4.333333333333333,162,160,1.1941036416739554
109,31.945945945945947,62,15.830941215886755,2,3.671232876712329,148,160,2.886581818736463
56,34.972972972972975,71,24.296019567762684,0,3.7222222222222223,102,150,1.2485067559493246
31,58.865671641791046,72,8.662658794199285,0,2.1666666666666665,200,150,0.7174236993056673
103,43.755102040816325,85,22.123522076541526,0,4.0,118,200,3.514334138996205
42,39.02020202020202,75,23.847147849695748,5,3.561224489795918,227,150,0.9695038751035719
96,29.457142857142856,59,15.967543611325814,4,3.898550724637681,96,125,1.734349207285965
91,44.50442477876106,79,24.887400904557406,7,3.9285714285714284,160,155,2.239668453166506
97,33.45161290322581,74,22.90162041927712,11,3.8043478260869565,186,125,1.7993553059713616
66,45.75675675675676,68,16.976781290777318,0,3.0821917808219177,73,110,1.0177399623332575
83,30.857142857142858,62,18.679196046564165,14,4.211864406779661,93,110,1.2765638243779918
110,37.2,84,21.46150888535947,0,3.0185185185185186,243,160,3.018212388039756
84,46.4,85,27.876154684604543,5,4.121212121212121,204,155,2.0979614698651763
119,37.91525423728814,76,23.4522870379041,10,3.572649572649573,197,125,2.2206562471979923
40,33.24324324324324,54,13.633038973153985,3,4.055555555555555,212,150,0.9073046644478866
31,37.27956989247312,81,24.62465133922607,11,4.032608695652174,123,150,0.6999958376856208
51,33.07608695652174,64,20.549639632750665,11,4.153846153846154,101,150,1.1375409045907081
46,45.62135922330097,72,20.572918623199378,5,3.323529411764706,110,110,0.7157438389299272
17,76.14666666666666,94,11.503846699643075,0,2.4054054054054053,89,160,0.4675295881428843
79,27.136752136752136,74,19.063504302435877,3,4.362068965517241,62,125,1.417885380142494
81,40.34090909090909,76,21.977202218557576,2,5.651162790697675,170,200,2.806887008863028
20,56.54838709677419,80,14.845089792484595,0,2.6666666666666665,108,160,0.5399486213576998
40,53.54929577464789,66,11.254781434477948,0,2.585714285714286,87,110,0.6200448419216947
85,44.733333333333334,73,22.589722343480794,0,2.5084745762711864,176,155,2.087154530635051
85,60.30952380952381,90,18.981805944538042,0,2.8048780487804876,69,160,2.2903103336510804
65,52.43939393939394,89,26.188205064134795,2,4.107692307692307,111,155,1.5939937742201948
17,53.54054054054054,76,17.76512616943443,2,4.388888888888889,98,200,0.5843036054841342
15,34.390243902439025,71,22.919666758719583,3,2.475,175,200,0.5139820630441002
100,70.34782608695652,90,18.224705390717567,0,2.573529411764706,180,155,2.5295370015311174
48,60.445378151260506,85,19.908909149234262,0,3.288135593220339,103,160,1.3072273355141775
75,24.5,61,21.590893141939883,12,4.723404255319149,182,150,1.6900137546829535
117,38.567567567567565,76,20.305602840001697,3,4.0181818181818185,112,150,2.622041095151333
51,29.36,55,16.085305923937746,3,3.824324324324324,194,110,0.791968903004784
22,37.61363636363637,70,21.694381246902395,5,3.558139534883721,163,150,0.4989096424668321
98,33.92307692307692,51,15.552037735037539,2,4.184210526315789,108,110,1.5065353673163904
89,34.79381443298969,77,20.7523135683661,4,4.65625,113,155,2.1321711389414086
44,31.871794871794872,76,22.823940969819827,6,4.779220779220779,142,155,1.0604831323044444
55,74.96153846153847,96,21.212262000352474,2,4.019607843137255,71,160,1.5191368051208547
54,35.54867256637168,72,19.742587339938197,1,3.1160714285714284,214,110,0.8457898615258088
39,33.939655172413794,74,23.127938319607665,9,5.026086956521739,186,155,0.9542886998517318
46,66.04225352112677,79,12.61614952053357,0,2.6,201,155,1.158532509726766
92,40.93103448275862,86,28.17975677739774,4,3.789473684210526,246,160,2.561498472139182
60,44.5462962962963,80,23.49128453800562,9,4.261682242990654,228,125,1.1334124844278308
100,30.74418604651163,72,20.322507883208235,9,4.870588235294117,192,125,1.8498549700057532
34,57.79245283018868,102,34.60606255675062,4,3.6476190476190475,221,160,0.9676604816102493
21,74.13513513513513,91,15.773159141594395,0,2.191780821917808,159,200,0.759703111661486
43,46.59722222222222,89,28.076116640612607,5,5.098591549295775,105,200,1.4840937048514773
38,33.357142857142854,63,16.40676606736122,2,4.097560975609756,138,125,0.6939873990032138
28,48.456896551724135,76,22.323789785083733,3,4.3826086956521735,174,160,0.7685522235298086
16,34.46666666666667,49,11.345287812812662,0,4.137931034482759,151,200,0.5376201228124201
116,29.34426229508197,56,17.985317550897207,9,3.85,174,110,1.800704615006527
26,41.083333333333336,64,21.848436252205023,1,4.485714285714286,120,125,0.478020685419753
71,49.35897435897436,81,17.79727316982559,0,2.4473684210526314,154,150,1.6187782527135948
41,58.95238095238095,84,19.261301420888046,0,4.487804878048781,189,155,1.0274394053380729
28,54.73728813559322,84,23.9319047971962,1,2.8632478632478633,138,155,0.6908352324038568
49,29.12121212121212,84,22.82930631476985,12,3.7448979591836733,87,160,1.2861140738048253
97,44.7816091954023,75,20.831246030988968,1,3.2790697674418605,167,110,1.5200231068541559
16,52.04255319148936,83,26.137897363552337,1,4.043478260869565,157,150,0.36898670193438016
113,27.765217391304347,74,19.21698996236431,8,4.254385964912281,65,155,2.655383776946314
93,40.0,70,20.82805061227988,5,4.2745098039215685,160,155,2.2680615569727016
64,58.18072289156626,92,28.685307342065435,2,3.9390243902439024,213,200,2.3355240352106965
49,22.953846153846154,59,15.736709429503966,5,4.328125,101,155,1.1503135515092142
6,47.1875,70,21.242448763367317,3,2.7387387387387387,239,125,0.11332771306093573
50,32.96907216494845,76,19.305708577392455,6,4.197916666666667,232,200,1.7443204118518296
7,50.76470588235294,78,20.98233452617694,1,2.9405940594059405,240,110,0.11147442766738548
51,42.55434782608695,77,22.163112778960677,2,4.087912087912088,127,155,1.2368471988876995
38,59.170731707317074,74,11.062797332974064,0,2.05,145,125,0.7079305802861514
23,34.63636363636363,68,20.368303036704884,1,4.707692307692308,106,160,0.6070391462097715
116,63.15094339622642,84,15.884484213616917,0,2.4615384615384617,110,200,4.046400102723262
32,29.132530120481928,61,19.061581297213973,9,4.060975609756097,205,125,0.5917259657481313
68,49.63865546218487,76,20.230491626985465,6,2.9152542372881354,108,110,1.0609327651113742
54,60.4,70,7.561305002004173,0,2.2758620689655173,78,125,0.9929733095649629
56,63.28,85,12.560318467300101,0,2.63265306122449,154,150,1.2928879705571856
26,54.84375,62,5.932481431702926,0,2.2903225806451615,144,150,0.5902621481161623
109,35.81818181818182,75,20.757553638563753,4,4.793103448275862,86,160,2.8718491213393653
16,41.05882352941177,58,16.825997350861883,0,3.9696969696969697,169,110,0.24963533339063884
60,26.676470588235293,61,21.16979061309006,9,4.0606060606060606,142,155,1.436483768947564
103,34.15217391304348,66,22.250517718748995,1,4.444444444444445,108,150,2.2966926424417933
59,77.51063829787235,92,11.703558906671832,0,2.0217391304347827,198,200,2.168121924893933
17,37.55434782608695,77,19.42452737404707,2,4.626373626373627,93,155,0.4058781485032351
91,58.16161616161616,94,26.817643472692108,0,3.1530612244897958,223,155,2.3078132129872104
56,36.65217391304348,66,18.741279005243022,2,4.508771929824562,130,150,1.2560333884270511
40,23.0,41,10.05298463144155,3,3.7096774193548385,214,155,0.9592320764563723
57,27.175824175824175,55,14.210036235535773,1,4.144444444444445,112,150,1.2552541766915755
51,31.705882352941178,58,19.84181968810267,8,4.42,60,110,0.7800234311768647
95,40.205607476635514,92,28.63425121053424,6,4.349056603773585,201,200,3.3537228117947144
74,50.61290322580645,79,20.75382190897244,2,3.8688524590163933,194,160,2.043522269952951
52,48.80882352941177,88,23.21907009901507,0,2.701492537313433,156,155,1.2778005468749682
73,49.516949152542374,73,17.339937760551145,0,3.1965811965811968,239,110,1.1589860341166427
39,36.678260869565214,83,22.09566072925591,3,4.166666666666667,244,155,0.9668650280583991
24,20.675,57,13.291703239239132,3,5.538461538461538,68,110,0.3630534953246298
113,56.470588235294116,72,14.578863213404388,0,2.212121212121212,119,125,2.0941197548887946
49,67.02083333333333,85,10.907737283180637,0,2.574468085106383,190,160,1.3679986998908529
84,49.28767123287671,71,22.795985859119416,3,3.6666666666666665,141,125,1.5632249049594493
109,33.395348837209305,72,16.369483142930466,0,3.0952380952380953,210,155,2.6510787426411495
97,73.47058823529412,88,12.284779266017097,0,2.86,229,160,2.7671965625080666
62,44.354838709677416,66,12.752098845836532,0,2.5,100,110,0.9567946254244313
103,41.203539823008846,78,23.646421754801217,7,4.080357142857143,97,150,2.316834230840804
69,43.3469387755102,71,23.1865117549751,1,4.3125,188,110,1.0855105814838617
8,45.0,81,24.06086808771305,2,4.606060606060606,245,150,0.18668065481497265
78,49.58064516129032,77,23.081586284097085,1,5.180327868852459,174,200,2.750225858550188
40,62.19047619047619,89,24.096767314545286,0,3.4096385542168677,94,200,1.3990324752934824
17,28.073529411764707,60,16.806262992662788,7,4.388059701492537,92,150,0.3748075259876406
61,27.608695652173914,63,18.962753263757744,7,4.466666666666667,132,125,1.1108679756434319
78,68.6923076923077,93,22.03697806793989,1,4.0625,242,150,1.8659494600396611
34,41.85294117647059,66,19.215698779507736,2,4.787878787878788,120,200,1.156487491751422
87,44.76056338028169,81,22.52914531035292,0,3.3857142857142857,239,110,1.3796238054122445
72,52.59782608695652,68,14.349715784648454,2,2.934065934065934,182,110,1.134532652064043
63,38.78947368421053,67,22.376159652085594,4,4.714285714285714,147,160,1.695797137289748
101,53.81818181818182,74,17.53047607737479,0,2.5657894736842106,249,125,1.916852443039481
8,31.25531914893617,70,19.497373620301616,6,4.0,100,155,0.19014880478701804
97,79.56043956043956,95,8.85811081886618,0,2.4,194,155,2.4732131449075845
83,30.220338983050848,63,15.276067242375083,0,3.310344827586207,98,160,2.160429471529419
43,29.688172043010752,66,15.414682635221354,1,3.5869565217391304,79,125,0.7733858482325483
101,41.2972972972973,73,22.815789772998617,5,4.287671232876712,238,150,2.343433437491854
111,47.8728813559322,88,26.540517988306455,5,3.8290598290598292,188,155,2.762776234730256
32,54.95774647887324,91,24.73945165441383,5,4.185714285714286,218,125,0.6087990423233173
8,68.80645161290323,88,14.195454417475563,0,2.2,161,200,0.2863707519331812
30,37.45614035087719,77,21.98489926357236,1,4.214285714285714,172,200,1.0323797449764727
38,50.13636363636363,80,17.53644375305701,0,2.0232558139534884,191,160,1.041776376655725
8,57.68478260869565,97,32.063771153825854,3,3.769230769230769,148,155,0.20018477803613116
95,52.61904761904762,102,34.97274611067227,9,3.63855421686747,77,160,2.5868414191473366
30,35.81188118811881,75,25.213823362202316,14,4.41,110,160,0.8022121537144199
11,37.592592592592595,75,26.096108114248807,6,4.2125,194,200,0.3844945628865204
103,59.0,75,17.767228782358018,0,3.5,96,125,1.9103442738845777
24,42.94230769230769,82,21.249356064033908,4,4.0,144,125,0.4441532449642156
100,60.54838709677419,80,8.731990534171791,0,2.540983606557377,207,110,1.586320043342752
20,50.31645569620253,90,27.4947839949977,3,3.448717948717949,128,160,0.5452356832308025
108,53.31325301204819,75,15.126715942366511,1,3.1341463414634148,127,110,1.6884188687453905
75,36.603960396039604,78,21.658958409045624,5,4.42,203,155,1.8421528838086692
11,60.426829268292686,71,14.387520411974991,1,3.123456790123457,199,150,0.25633798790402545
29,80.18181818181819,104,18.28781602258818,0,2.0689655172413794,83,160,0.8048956308049702
17,55.75728155339806,76,17.133097487122754,0,2.9215686274509802,60,125,0.3120337833687926
87,53.59782608695652,70,19.80176747853843,2,3.230769230769231,70,125,1.6005349863011311
17,49.847457627118644,68,19.330149945775656,0,3.5344827586206895,211,125,0.31969103066977445
20,54.767857142857146,90,25.155226005905078,1,4.036363636363636,213,160,0.5602947806750642
113,43.88505747126437,78,23.764372680648297,5,3.3255813953488373,173,150,2.5899733423526663
91,62.10344827586207,79,13.240077162985397,0,2.3508771929824563,196,125,1.718810524266106
69,45.95180722891566,90,25.17787497586301,2,4.670731707317073,142,160,1.8749875618529441
69,56.79120879120879,78,19.03063838760862,0,3.2222222222222223,246,160,1.9436273960726094
80,62.68807339449541,99,33.929959495025386,7,2.8796296296296298,173,200,2.9237081356699077
101,36.75238095238095,83,24.18373359350334,5,4.115384615384615,201,200,3.523798287134381
100,36.93,66,18.155580409339713,0,3.606060606060606,240,150,2.2954422301402837
100,43.41489361702128,80,22.649695678979548,3,3.78494623655914,136,150,2.2686866078551353
109,25.61904761904762,74,20.518693429293968,16,3.076923076923077,127,150,2.428135547427333
19,56.90384615384615,73,15.610351121296969,0,2.8737864077669903,190,150,0.44010469606517205
112,29.385714285714286,64,16.099061957715655,3,4.565217391304348,80,155,2.634975829224236
38,58.8,74,11.41461052043973,0,2.5172413793103448,210,155,0.9495994582549588
56,51.64705882352941,70,12.211090313464995,0,2.9393939393939394,133,110,0.8735839941654371
18,57.35897435897436,85,23.63774380691596,3,2.779220779220779,162,150,0.41732598243665014
62,61.857142857142854,75,6.568943629546783,0,2.9411764705882355,147,125,1.1562326232287412
85,37.79824561403509,82,24.00116218844025,6,3.6283185840707963,159,125,1.573056827446396
110,75.85714285714286,108,29.913556486616642,1,4.016129032258065,198,200,4.12772052880992
85,26.71014492753623,77,22.78449857559553,7,4.720588235294118,70,200,2.7912657699092476
27,37.20754716981132,93,29.688545844500073,6,3.5142857142857142,137,155,0.6566404186407673
66,41.225,71,22.92322784862551,9,3.329113924050633,118,110,1.0271112454855127
67,55.70454545454545,89,26.152159258544934,1,3.86046511627907,228,125,1.276779269763495
116,52.7037037037037,100,27.03367559012663,2,3.289719626168224,220,160,3.2509191910477138
45,31.30275229357798,77,20.433155547684976,4,4.046296296296297,161,200,1.5269757642150137
27,46.640776699029125,68,11.774461724907077,2,3.1176470588235294,190,110,0.4235292693861347
17,55.36046511627907,84,23.486717072708018,0,3.1882352941176473,170,155,0.42288719404592146
47,32.48148148148148,68,18.77670023937344,4,3.6261682242990654,223,150,1.0716506004191544
116,26.137931034482758,64,16.22253464173032,6,4.495652173913044,92,150,2.5502015237116344
36,54.25555555555555,68,5.488495262539049,0,2.3707865168539324,129,110,0.560418257174942
105,42.47540983606557,77,16.848998177521796,0,2.9833333333333334,69,125,1.9069611375898698
99,24.785714285714285,54,12.521002763520247,2,3.8727272727272726,78,160,2.544321625777614
98,34.7625,77,24.572466171509934,15,3.8607594936708862,227,125,1.8386398198783116
67,64.16923076923077,82,12.051899602289618,0,2.46875,192,155,1.6787254496152786
83,63.1140350877193,91,20.185872588003715,3,3.0353982300884956,148,155,2.0709974795363464
40,46.1125,83,23.039093813559596,5,3.8734177215189876,154,200,1.3933269508190698
77,42.760416666666664,79,25.017803990219758,6,4.11578947368421,115,200,2.6390818889258445
91,19.651162790697676,52,13.825967682909143,6,4.142857142857143,69,125,1.6213245572799027
58,43.23275862068966,76,22.49496409491225,3,3.791304347826087,75,125,1.0602929949580826
32,52.763440860215056,82,21.191597974660162,3,4.141304347826087,168,125,0.6001452218973344
107,52.1764705882353,79,25.086756042177377,4,4.083333333333333,192,155,2.676656820058426
61,22.607843137254903,56,14.061598982198944,4,3.9405940594059405,192,110,0.9415013405005903
11,39.06896551724138,76,22.867832702140007,1,3.627906976744186,239,155,0.27291628102849164
84,29.442857142857143,55,16.150750282692055,0,3.8405797101449277,100,110,1.2846057604858299
7,22.82051282051282,52,15.57096541128967,4,6.526315789473684,112,155,0.1649745277859798
104,22.796875,58,19.79360667575202,13,3.8412698412698414,107,125,1.8812396131516242
102,70.07407407407408,82,9.297255373280574,0,2.188679245283019,150,155,2.5417500217570788
50,49.986301369863014,73,19.19153148762972,0,3.5277777777777777,194,125,0.9373155619136607
53,50.36538461538461,67,8.803471444121099,0,2.5294117647058822,195,110,0.8324635639446314
104,43.9059829059829,90,28.123957274036748,14,3.8189655172413794,223,200,3.741246268522352
37,51.152542372881356,77,20.529279263911388,1,4.586206896551724,116,160,1.0009997491060656
14,34.77894736842105,71,23.94694967823599,11,4.829787234042553,220,200,0.49244704678051693
102,30.460526315789473,67,18.738814761621402,8,3.9466666666666668,197,160,2.7473309927093372
105,24.84375,48,16.171172992009577,8,3.3870967741935485,115,200,3.4622392675489397
29,65.60810810810811,84,11.799928501349545,0,2.3013698630136985,225,150,0.6819751759504359
97,40.52,69,16.37405264435167,3,3.5656565656565657,144,110,1.5076122257487388
33,72.84,97,23.598610128564776,0,3.242424242424242,234,200,1.2368655779507132
114,57.89411764705882,84,21.95772597751885,0,3.5714285714285716,147,150,2.6307466551909835
47,35.910714285714285,67,16.282414687669164,4,3.890909090909091,180,150,1.063821227507691
9,44.53703703703704,58,12.420432632416878,2,3.3271028037383177,114,110,0.13934595424819665
88,47.71818181818182,87,26.268588853049916,4,3.3577981651376145,238,125,1.6688247188283425
26,77.03333333333333,96,15.816622760739902,0,2.2247191011235956,225,200,0.9688894845903612
31,24.23076923076923,57,18.62815836371563,12,3.78125,165,110,0.4792206317684662
88,31.17142857142857,64,17.88292995214904,7,4.259615384615385,197,125,1.6258793865495227
82,33.88135593220339,74,21.646688982940546,3,4.086206896551724,244,160,2.247001148688502
97,29.64516129032258,61,18.35588749200503,2,5.233333333333333,224,125,1.7970373420030008
51,55.28378378378378,92,24.52661007761155,1,4.041095890410959,235,200,1.8566810649508698
118,33.30232558139535,71,21.90734705656501,2,3.119047619047619,204,160,3.19152664566729
38,52.03333333333333,89,31.429798316601115,6,4.112359550561798,219,200,1.3827763200098564
44,44.848214285714285,81,22.103736683706966,4,3.630630630630631,173,150,1.0082665954116945
49,38.88461538461539,63,14.449718983365207,0,3.0784313725490198,138,150,1.098183415317625
107,30.482758620689655,53,15.681354378644485,3,4.684210526315789,174,125,1.962652627516084
54,68.81318681318682,86,10.579798381834395,0,2.1444444444444444,98,150,1.2363721755544241
62,50.22222222222222,87,25.14465445352115,1,3.061224489795918,170,150,1.4288315063360248
51,50.66981132075472,80,20.81033927448366,1,3.533333333333333,66,125,0.9354216800700477
105,57.392857142857146,90,23.092988967558583,0,2.7590361445783134,90,155,2.565530613744899
17,59.28767123287671,80,18.861048832713266,0,2.2777777777777777,74,125,0.31400843033670117
6,39.93023255813954,69,22.636043853581516,7,4.4,172,150,0.13702256837660712
36,54.678899082568805,78,18.45295567381842,4,2.7962962962962963,231,110,0.5740654955045017
50,61.00961538461539,92,25.950579952133456,1,3.3883495145631066,125,155,1.241758823820173
100,37.601694915254235,68,21.107930805504697,7,3.8461538461538463,112,110,1.5486389272152183
8,60.53333333333333,75,8.129507296810115,0,2.391891891891892,133,110,0.12538443565667498
102,29.97222222222222,73,24.024855313601915,4,4.571428571428571,166,125,1.8764561131583697
47,49.54838709677419,67,9.044116639320832,0,2.066666666666667,247,160,1.2983930970145718
107,71.86538461538461,90,13.885560909633718,0,2.4901960784313726,219,155,2.729553114764695
80,36.184615384615384,66,18.20472661167745,1,4.765625,176,110,1.2466107296992626
37,57.81333333333333,71,7.179031194310893,0,2.4324324324324325,226,110,0.5869599849735494
59,47.09230769230769,90,29.779044297793387,5,4.296875,140,200,2.0643706971834543
54,56.385416666666664,102,28.12226645666601,4,3.6526315789473682,142,200,1.9155079442060063
70,33.95454545454545,70,20.432024639129487,5,4.815384615384615,130,155,1.6828259384938262
25,44.03488372093023,94,26.277786035736867,6,4.91764705882353,196,200,0.8854818271362864
45,21.458823529411763,61,17.09733583730413,17,4.511904761904762,173,110,0.6959086172962005
72,61.96551724137931,83,22.379536155281787,2,3.026086956521739,73,155,1.7630079253145217
114,30.08888888888889,67,21.023079616060297,10,4.314606741573034,60,125,2.0580485632507286
69,22.98198198198198,50,12.50295963663608,6,3.3727272727272726,216,150,1.5484425880608568
33,65.54545454545455,76,8.370550501757894,0,2.3125,158,125,0.6191472902809797
69,42.32941176470588,78,22.96154751666058,1,4.011904761904762,163,160,1.8707193672896925
14,34.18333333333333,80,22.545872990170263,3,5.694915254237288,214,150,0.3204639546499024
26,44.06730769230769,69,20.436705488238992,2,3.70873786407767,231,110,0.41148887097113707
67,63.628571428571426,84,15.37360579376357,0,2.3333333333333335,194,150,1.5645421536210766
76,23.692307692307693,51,16.50664799430489,5,4.342105263157895,182,125,1.3887239026767828
40,32.8,67,15.921055241409096,1,4.775510204081633,199,125,0.7382614409720185
93,20.04255319148936,47,12.844333872573905,7,3.9347826086956523,104,200,3.0219185582505297
97,61.696969696969695,77,14.776075766579154,0,2.8125,186,155,2.425038240297414
68,65.54901960784314,84,20.887479808830967,2,3.94,201,125,1.2979991340876917
44,44.865979381443296,82,23.399545711503237,4,4.010416666666667,135,200,1.5191115631651517
23,49.80701754385965,69,23.594110621450348,10,3.1785714285714284,191,110,0.36470491763705254
60,41.46363636363636,81,23.860075924868635,3,4.08256880733945,122,150,1.355389644689368
42,45.08536585365854,66,12.500927984590072,0,3.0617283950617282,187,110,0.6575009496775458
106,32.38655462184874,66,19.24853339112363,5,3.669491525423729,167,110,1.646309464963679
87,33.176991150442475,68,21.801692752537082,8,3.9642857142857144,82,150,1.9312506626907573
55,73.97826086956522,94,19.619188843794454,0,2.2527472527472527,78,200,1.9405553968997573
58,48.43055555555556,75,22.995667701214753,3,2.7183098591549295,190,150,1.3388775236867907
17,26.788732394366196,56,18.868645646522197,7,3.057142857142857,146,110,0.2620536255177033
63,40.63013698630137,82,20.23052545672522,1,5.319444444444445,223,155,1.559452276043485
79,33.134328358208954,71,20.44424198934865,7,4.712121212121212,240,125,1.476594901478613
82,56.01587301587302,105,35.08470116708813,3,3.903225806451613,226,200,3.0179750281380273
73,35.083333333333336,68,19.79144736720609,4,3.021276595744681,109,150,1.6272399486458105
54,37.51764705882353,75,22.147426760477764,9,3.6904761904761907,246,125,1.0155706579246828
36,52.34090909090909,83,24.70318638061438,2,3.057471264367816,211,150,0.8397566924670464
74,41.68571428571428,70,19.391856064664182,0,3.8823529411764706,234,150,1.7074822419525038
56,30.857142857142858,69,18.131667590558585,4,3.7580645161290325,163,160,1.4912308867207802
100,62.644067796610166,90,18.923362577767225,0,2.2758620689655173,99,160,2.7233811703121353
33,64.765625,86,17.47475159649988,0,1.873015873015873,163,160,0.9158384544351837
38,34.774193548387096,63,20.207328082173643,4,2.8360655737704916,161,125,0.6991510925829768
25,32.766666666666666,60,13.819511166784768,0,3.4827586206896552,84,155,0.5886817089540602
98,19.46031746031746,41,10.338440207834303,8,3.9838709677419355,205,155,2.3418377683728635
21,50.96938775510204,106,29.977016393731617,2,4.917525773195877,180,200,0.7495845403723682
40,27.57017543859649,77,20.21983102392025,13,4.15929203539823,146,160,1.0630233422189235
68,37.6986301369863,84,27.498784496926525,6,3.7777777777777777,159,160,1.8413715868211087
5,43.38655462184874,77,24.120882282349235,7,4.059322033898305,111,200,0.17126412115862696
18,48.111111111111114,93,28.19486863391902,5,3.981132075471698,116,155,0.44085929930979995
17,25.513513513513512,61,16.756800348679132,2,4.527777777777778,77,110,0.25863180136885394
111,31.703125,58,15.424898386517008,1,3.634920634920635,67,200,3.6254723761169547
62,34.51260504201681,81,27.543659932141438,10,3.152542372881356,180,155,1.5187904414746245
79,63.054054054054056,99,29.462401704465243,2,3.3636363636363638,223,200,2.919559146882055
48,57.68421052631579,72,6.164863353408978,0,2.506666666666667,129,110,0.7495247906673932
113,68.59701492537313,91,17.119474553845897,1,3.4545454545454546,216,155,2.879833234389471
59,63.911764705882355,83,15.218733902388053,0,2.242424242424242,232,160,1.6648723303865776
31,51.26851851851852,90,27.033452007371203,0,4.130841121495327,242,200,1.125621670768378
99,58.23478260869565,107,30.712504303702016,3,4.631578947368421,122,200,3.5104363130234937
78,41.35294117647059,64,17.84005575632253,0,3.62,186,150,1.777074997028043
28,59.48,90,26.99301638078511,4,3.77027027027027,123,160,0.7722987749608058
76,31.63478260869565,98,27.046925545697057,11,4.526315789473684,180,160,2.0592968863648524
111,18.602564102564102,55,13.451088740216269,6,4.402597402597403,237,155,2.6746836341353983
114,48.644444444444446,74,21.54907118963141,3,4.295454545454546,244,125,2.161158439422969
109,44.32631578947368,74,22.165141957712343,5,3.6808510638297873,231,150,2.5312636660308563
91,32.77391304347826,72,20.322641419198145,6,3.93859649122807,159,200,3.096914932932377
46,52.205882352941174,83,24.6446662229591,4,3.6633663366336635,163,160,1.2674330161792295
108,41.31428571428572,91,23.756227969670157,4,3.318840579710145,160,150,2.4596410900845314
92,35.0,77,23.321530938378263,6,3.6517857142857144,134,150,2.0700075359167984
78,38.25454545454546,80,25.62684542840906,5,3.981651376146789,141,200,2.6758880688410036
27,42.02608695652174,84,25.553511073164714,6,4.412280701754386,94,200,0.9185048386182343
113,33.27272727272727,71,23.357268322110663,7,4.3023255813953485,139,200,3.839156002539166
5,50.319148936170215,87,26.904959902605256,0,3.152173913043478,164,200,0.17598937035719361
68,42.55882352941177,80,21.935991344431546,2,4.316831683168317,110,155,1.6424602717225065
59,17.8125,50,14.614713262667864,6,6.096774193548387,144,150,1.3005029766968264
58,29.03846153846154,65,17.66456855540267,3,4.922330097087379,133,150,1.2908611335809392
86,28.973684210526315,55,17.310609527572,2,3.7567567567567566,123,155,2.042186479870611
114,43.833333333333336,69,18.997462850897794,6,3.594059405940594,201,110,1.7962756473134205
50,69.47321428571429,102,30.348264195310534,3,3.315315315315315,130,200,1.8100675324427777
51,37.01282051282051,68,21.129935982127588,7,4.194805194805195,139,150,1.1507825549235562
86,60.295918367346935,82,19.90139426131638,1,3.216494845360825,170,155,2.1478788375545093
60,46.74,80,26.137566833965245,8,3.6666666666666665,189,150,1.3894611948222357
89,46.52564102564103,81,24.57470262697945,3,3.3506493506493507,155,150,2.036965154737681
33,54.80869565217391,91,24.87845082978402,0,2.824561403508772,158,200,1.165244805209228
27,13.41025641025641,35,11.144086505264479,10,3.473684210526316,202,110,0.41451593528225034
54,46.91428571428571,73,12.62960564608057,0,2.2941176470588234,187,150,1.2324930963475587
87,29.817204301075268,65,16.713876944223568,3,3.467391304347826,60,125,1.5616858415508668
102,42.093333333333334,71,19.627309772072405,1,3.2567567567567566,180,150,2.3257805783632555
60,45.364583333333336,79,22.737230753246727,3,3.0526315789473686,222,110,0.9501556479231794
99,73.68115942028986,88,10.221450524737554,0,2.3676470588235294,202,200,3.613851877044031
77,62.72839506172839,92,24.21560171790029,1,3.8,166,160,2.150530895695471
88,44.675,86,30.915115639440845,11,3.5316455696202533,151,200,3.091241066973584
29,54.50561797752809,81,20.270154955536835,0,3.284090909090909,103,125,0.5369848220639658
95,41.63414634146341,79,21.50298458871434,1,3.654320987654321,94,155,2.2799801018425128
90,43.732142857142854,81,23.14433830136786,5,4.090909090909091,125,160,2.4255212476065284
79,66.0909090909091,92,23.81158826154169,1,4.75,97,200,2.791410254228474
24,40.52777777777778,75,22.811814001185688,3,4.457943925233645,237,150,0.5558007906369534
64,21.484848484848484,46,11.42331802384985,1,3.40625,208,125,1.166886502476313
96,24.12,55,15.66351173907052,2,4.612244897959184,159,125,1.7451497835412575
33,39.85858585858586,79,23.24398916588197,8,4.3061224489795915,94,155,0.7944627174639394
99,51.18518518518518,79,21.456307088000845,3,3.7289719626168223,228,155,2.4869440055879126
32,59.32258064516129,94,29.765810397318056,0,4.010869565217392,225,160,0.9083048673946036
102,71.20869565217392,94,16.035555956075108,2,3.043859649122807,125,200,3.6367857689470937
116,33.1551724137931,73,19.37542144070049,1,5.0,65,155,2.736431275205355
18,30.21212121212121,65,20.69171147545044,6,3.7142857142857144,64,110,0.27497678629465805
5,35.693333333333335,56,14.072169539753121,4,2.824324324324324,222,150,0.11394662144868566
66,44.009803921568626,77,19.91427466054616,4,3.792079207920792,87,125,1.208782388758009
13,41.53913043478261,81,25.09262387947701,13,3.6578947368421053,124,150,0.2952938185565602
52,76.9298245614035,102,28.471506007852593,2,3.0707964601769913,177,155,1.3379120204714512
116,55.111111111111114,73,13.12710888407348,0,2.142857142857143,117,125,2.1443789299306437
107,33.348314606741575,72,22.641366697341713,13,3.7954545454545454,225,125,2.0003168693755407
86,43.54838709677419,74,19.455223545490163,0,3.2459016393442623,137,200,2.9412682219392647
65,39.869565217391305,71,22.507012139845173,10,3.3333333333333335,136,125,1.200635900181781
93,32.48148148148148,64,19.37614105671346,6,4.69811320754717,248,110,1.464412020495736
20,50.1978021978022,82,24.205720775192557,0,3.8222222222222224,241,160,0.5602076227020948
41,36.53846153846154,76,20.68053234677378,0,4.184210526315789,186,155,0.9993834893047604
118,15.38961038961039,44,11.487040517391927,9,4.223684210526316,248,110,1.8278431692136445
94,25.416666666666668,58,13.789409612464107,5,3.5903614457831323,139,125,1.703458040394257
16,54.76271186440678,82,21.76323986898421,1,3.8620689655172415,157,155,0.39638806780726193
32,37.94285714285714,64,20.602278455331597,1,4.382352941176471,211,110,0.5025165505010912
24,41.87826086956522,78,25.64444098624816,13,3.7017543859649122,69,150,0.5388574175581808
59,31.83783783783784,70,23.045798718384617,17,4.013698630136986,76,125,1.073582504139443
99,34.91803278688525,77,24.125556194704473,4,3.966666666666667,172,160,2.6705031990939956
84,71.23636363636363,88,13.256852274631598,0,2.185185185185185,238,200,3.1027143796873373
38,41.98717948717949,86,22.702362686114565,2,4.415584415584416,148,125,0.7034047987586549
9,37.03603603603604,63,19.156975032480936,8,3.209090909090909,139,110,0.13976213194016662
101,41.263636363636365,83,23.906133588275956,6,3.330275229357798,99,200,3.4264672967492693
17,58.794520547945204,96,30.21519118249599,2,3.9444444444444446,195,155,0.430313941927241
117,17.772727272727273,53,13.822243222917857,12,4.430769230769231,72,150,2.5401944757924984
87,48.22330097087379,77,21.81205333426886,4,2.5392156862745097,214,110,1.378481950410813
14,32.214285714285715,67,18.852732168152222,6,4.898550724637682,159,150,0.31518922741250244
97,65.2,90,19.358718965882012,0,2.5641025641025643,130,155,2.4095383341545897
43,58.25,87,22.00173604261466,1,3.02803738317757,205,160,1.2032574218890737
56,38.11304347826087,63,18.176796109991347,5,3.9035087719298245,169,110,0.8735953734093779
100,26.6,70,21.540040235183714,1,2.8620689655172415,92,200,3.281990310755569
104,35.27777777777778,73,22.744487868383885,2,3.942857142857143,207,200,3.6128595608500387
63,59.15942028985507,92,21.171914119654442,0,3.073529411764706,132,155,1.556942180353744
33,60.95454545454545,90,26.88397169103363,3,3.103448275862069,249,200,1.2235084628864987
5,67.01449275362319,93,22.96152595142717,0,2.6470588235294117,149,150,0.11664651379784605
25,72.97802197802197,101,29.60879659236202,0,3.533333333333333,157,160,0.7091896462748265
45,53.857142857142854,66,10.020387381000104,0,2.0,82,125,0.8240772483012041
100,41.44915254237288,78,21.314671265262863,6,4.247863247863248,169,110,1.5671969945661066
102,75.18,90,13.33970014655502,0,2.061224489795918,68,125,1.9037536790883116
71,39.56410256410256,87,26.289767472673816,10,3.8189655172413794,130,125,1.3128614902105724
43,43.37735849056604,89,28.021034158049538,3,3.1153846153846154,171,200,1.5037128243575815
61,37.62280701754386,80,24.844212976796868,5,3.6548672566371683,197,160,1.6640597048326073
115,69.22388059701493,90,15.274425895381604,0,2.590909090909091,246,125,2.2108183797252368
27,62.61363636363637,98,29.746440512109945,0,3.0344827586206895,66,150,0.6179119540580568
9,59.38095238095238,87,24.129563354200982,2,3.566265060240964,152,200,0.32023438449422503
19,22.022222222222222,51,15.683662963434829,10,4.136363636363637,114,155,0.44787105661148174
31,27.695652173913043,78,17.043256431564377,10,4.2368421052631575,240,200,1.0751030203524852
79,43.72826086956522,69,19.14878998383424,1,3.956043956043956,220,125,1.4804852877445152
54,21.8,44,13.272528018429647,6,4.045454545454546,112,110,0.8230451925032961
44,38.8348623853211,78,20.607522346818897,6,3.9722222222222223,202,150,1.0082229212956053
49,25.775510204081634,48,13.62360692166426,4,4.291666666666667,244,155,1.1918994732123027
9,37.274193548387096,80,23.83015801041296,1,2.9344262295081966,149,160,0.24132562719867018
73,44.58181818181818,77,25.73055552457634,4,3.611111111111111,211,155,1.817523255459727
22,47.906976744186046,79,24.33373957199342,0,3.5238095238095237,225,150,0.511822082816034
105,37.92156862745098,70,19.82357789796441,3,3.8316831683168315,74,110,1.613995414645195
114,38.48598130841121,98,30.37133562712301,14,3.7452830188679247,100,155,2.7646584799929452
81,49.513888888888886,76,22.461073151093323,3,3.4507042253521125,157,155,1.995936903672581
107,32.21904761904762,89,27.802014641759143,12,4.5673076923076925,96,150,2.3952205792503527
37,52.85858585858586,97,26.93051669228304,1,3.836734693877551,97,200,1.2800249830522694
118,41.43362831858407,87,28.606229937901343,7,3.892857142857143,129,150,2.6827682841926475
57,62.24657534246575,98,33.82500526862347,1,4.013888888888889,130,200,2.0435699496565047
19,62.91428571428571,99,26.94266020227977,0,5.352941176470588,133,200,0.6785256702261381
11,77.68627450980392,105,21.599283027387585,1,4.44,157,160,0.3124990431164938
72,44.34285714285714,77,18.102790403917382,0,3.391304347826087,104,150,1.6156494949167353
116,56.70967741935484,80,21.83692278390285,1,5.3,159,155,2.886476249327428
57,39.64601769911504,61,18.2193713665109,6,3.5089285714285716,166,110,0.8899191712995521
38,31.29268292682927,66,19.52140026769749,7,4.234567901234568,68,125,0.686411955285029
19,37.391304347826086,73,20.857569015951942,2,4.508771929824562,123,125,0.348276491600616
115,52.6986301369863,84,24.835725996932485,2,4.194444444444445,165,200,4.069036485160473
38,67.11111111111111,95,20.57341566436564,0,2.6857142857142855,194,200,1.3828332617329233
114,30.703125,66,17.46038345038204,1,3.634920634920635,148,200,3.8260637301026232
14,55.80487804878049,69,18.62494984402495,1,4.15,109,125,0.25986075219445265
71,34.754901960784316,65,19.44244208946379,5,3.801980198019802,217,110,1.1136049163687367
62,53.53333333333333,68,5.667058809960909,0,2.310344827586207,186,110,0.9732985316015583
82,54.17272727272727,82,21.457297589275093,7,3.128440366972477,106,155,2.0086958356371785
78,61.371428571428574,74,9.038285912986929,1,3.130434782608696,72,110,1.2131569181594122
26,41.03225806451613,81,22.281894676732847,2,5.566666666666666,149,125,0.4812385131588632
97,22.76851851851852,83,21.584719595756507,14,4.383177570093458,235,200,3.3553906587497138
92,45.15384615384615,68,21.578168527518095,2,3.4415584415584415,113,150,2.077344958469994
15,78.70422535211267,94,10.985771035525502,0,2.5142857142857142,172,160,0.42355359909386847
54,36.50617283950617,75,20.979192193836468,3,3.55,160,125,0.9955143672625253
18,62.69444444444444,78,13.979785891788435,0,2.5428571428571427,71,150,0.4078472538294173
7,57.08108108108108,86,25.07471183495512,4,3.4545454545454546,115,200,0.24539427570790973
14,46.05050505050505,91,23.278452227945966,2,3.020408163265306,162,150,0.32023199542434233
26,28.73170731707317,58,15.808340481922366,1,4.75,182,200,0.8795918460632131
41,47.135416666666664,89,26.891611064786026,2,3.768421052631579,223,200,1.468705258611135
71,40.58441558441559,81,23.696320416508446,4,5.065789473684211,102,200,2.4102718565757484
95,34.0,60,15.26987985444649,0,3.09375,217,110,1.4832589958303373
63,62.175925925925924,73,6.945327104399451,0,2.2616822429906542,239,150,1.4753277221283017
75,23.125,59,14.977587422545728,5,3.888888888888889,127,150,1.6531160078262053
71,29.75,69,16.406934509529805,6,4.404040404040404,186,200,2.4179159797082144
113,43.02985074626866,79,25.692190665098085,1,4.636363636363637,112,125,2.0828614946517368
119,56.39705882352941,69,11.811185757430954,0,2.746268656716418,61,110,1.8419353049978273
69,37.064516129032256,77,20.68026249891266,2,4.278688524590164,231,125,1.2895938298431975
10,55.36974789915966,71,12.743669079865398,0,2.5847457627118646,163,110,0.1571936217622822
108,44.51578947368421,69,16.798410424733166,0,3.925531914893617,98,110,1.6709669067836972
42,59.03174603174603,95,31.76049670454836,5,3.8225806451612905,90,150,0.9667908589533657
82,46.205128205128204,76,21.45380187116384,2,2.792207792207792,97,125,1.506676010978926
39,18.5,53,16.9130127416732,5,4.758620689655173,101,200,1.2675809912250777
80,68.09677419354838,83,14.065181990748732,0,2.6666666666666665,243,200,2.9480546327855306
66,42.611111111111114,73,23.52395679323265,6,3.788732394366197,117,155,1.601079945117964
70,44.89380530973451,90,26.105423717429307,4,3.982142857142857,139,160,1.8999610104512008
49,67.13333333333334,78,7.592686539617508,0,2.3707865168539324,62,155,1.1892995676263425
32,31.0,69,21.19208525869836,8,4.46969696969697,180,110,0.498633047647935
38,35.08064516129032,73,17.722137047186234,0,3.098360655737705,83,200,1.2557678904529779
75,39.87951807228916,72,23.810698005870844,9,4.048780487804878,61,150,1.6726229909987387
30,43.5,76,26.949025956423732,2,5.0606060606060606,246,150,0.7007036586376552
110,42.75,67,19.067970526513825,3,3.1139240506329116,77,110,1.6965908292422354
92,38.28787878787879,72,25.643692089582334,1,3.523076923076923,235,160,2.534060233289555
11,37.24691358024691,65,17.631012844723447,3,3.775,151,110,0.1708400193023479
11,49.37373737373738,85,27.546686122564143,2,4.1020408163265305,204,160,0.3058883713228336
65,45.81578947368421,79,23.656372528746594,4,3.725663716814159,240,155,1.6302783194366928
50,41.66,59,13.763153708362047,0,3.816326530612245,238,110,0.787755725865395
83,34.45283018867924,75,21.23504227195978,6,4.619047619047619,214,155,2.0395352698225597
86,31.547826086956523,77,21.611286696201283,16,4.166666666666667,225,110,1.3535291757946057
17,32.69565217391305,63,16.937056832280117,2,3.533333333333333,206,125,0.3141413170472242
67,67.91071428571429,100,28.122358152566516,4,2.7387387387387387,114,150,1.5606349541869429
72,58.89156626506024,90,23.841854484449343,0,3.317073170731707,172,155,1.8005634356690496
62,57.57692307692308,74,17.042194416580994,1,3.4901960784313726,83,110,0.9669327681525945
79,41.463157894736845,61,17.047185615113182,3,3.382978723404255,60,110,1.2131429625791905
70,53.642857142857146,89,23.932764380329193,2,3.1566265060240966,97,125,1.297170465449404
89,36.73684210526316,72,24.01061630385315,4,4.702702702702703,85,110,1.3729328023209915
77,49.354838709677416,92,24.506152469226034,3,4.245901639344262,153,200,2.6982289439449025
84,36.326530612244895,64,21.781276133508914,7,3.9791666666666665,234,150,1.9358822648897982
73,47.24324324324324,95,31.027803926613956,8,4.698630136986301,82,150,1.6576194510576359
105,42.21367521367522,82,23.557831753371424,3,4.474137931034483,165,125,1.9519044871414724
101,33.42016806722689,68,21.51587094432298,11,4.0,71,150,2.239789888880614
93,34.46808510638298,76,24.155833676122658,6,4.752688172043011,101,160,2.4647636064697833
41,37.91836734693877,73,21.493080742030063,0,4.479166666666667,181,200,1.41525117603895
106,34.17910447761194,74,26.064744515546785,8,3.1363636363636362,191,150,2.419337468853319
21,44.578947368421055,87,26.920087959255856,1,3.5866666666666664,187,150,0.483536911407538
105,67.10810810810811,88,19.942869461707133,0,4.527777777777778,249,160,3.0107356467925586
28,67.8157894736842,85,12.87154197436282,0,2.2972972972972974,90,200,0.9745512516633563
91,53.0,96,26.54995291897897,4,3.5063291139240507,243,155,2.309454272083029
54,70.66666666666667,96,22.7587643042632,0,3.764705882352941,120,200,1.9331754583755265
52,26.048192771084338,73,19.056607881856607,6,3.8048780487804876,116,200,1.7222137452981139
77,24.488372093023255,50,14.048706127666946,2,4.428571428571429,189,110,1.1892447052556638
5,59.23529411764706,97,26.463136205950182,0,3.5833333333333335,104,200,0.17506385005571196
36,28.224719101123597,61,16.957152088236036,6,3.6136363636363638,150,125,0.6567484991431326
91,40.6140350877193,80,23.714126655146142,5,4.035398230088496,209,125,1.7039137686212436
23,19.133333333333333,42,12.852323611791846,7,4.7727272727272725,106,155,0.5377996640289947
14,47.891304347826086,79,23.767193557570582,2,4.177777777777778,160,150,0.3212091570727678
77,39.19230769230769,72,22.435410251120764,4,4.087378640776699,114,150,1.7309661715751836
55,42.27777777777778,88,26.897760244541544,9,5.0,143,160,1.4958180339415823
107,36.18333333333333,76,17.852629747151788,2,4.864406779661017,197,160,2.8957519942799763
91,44.97402597402598,78,24.167690154996126,4,3.526315789473684,167,125,1.6966464920594702
46,27.075,61,18.659297280444406,12,4.443037974683544,188,110,0.7155217718958558
67,84.07619047619048,103,21.218004590933184,0,2.6346153846153846,241,160,1.962262142152765
13,39.87323943661972,90,29.395759767744593,3,5.1571428571428575,111,200,0.4444721077676758
53,59.54054054054054,81,24.194699659216848,3,4.194444444444445,187,150,1.2412365710503914
107,32.349514563106794,76,22.6307243417079,5,4.264705882352941,167,160,2.8714799914056255
89,29.321428571428573,69,20.205586635693532,8,4.325301204819277,65,125,1.6052016056873208
42,24.85135135135135,60,18.19539771958419,16,3.547945205479452,80,160,1.0923375650687006
34,40.77358490566038,80,27.90931508082072,7,4.519230769230769,181,155,0.8396456561955754
108,25.454545454545453,53,15.581099484857441,9,4.367816091954023,87,110,1.6479711687561143
79,27.577319587628867,70,18.53380030215422,14,3.96875,174,155,1.9088410019517388
29,46.38202247191011,71,20.9083100612525,0,2.8636363636363638,164,150,0.6621139994218171
112,33.26851851851852,73,18.825025936473935,9,4.009345794392523,101,155,2.6716633473190003
66,37.5,63,15.789516253812584,0,4.454545454545454,161,150,1.4877218084426018
82,30.451612903225808,73,21.93073952488198,4,3.3,111,155,1.9524973040619023
98,37.58620689655172,77,24.419490860544744,7,4.965116279069767,117,150,2.2082267575273757
102,22.181818181818183,43,11.802553769506567,3,4.59375,106,160,2.6334077608824122
80,37.309859154929576,69,20.505987823069653,4,3.1714285714285713,115,155,1.920193389679406
101,22.07758620689655,69,16.58112286767435,13,4.008695652173913,144,200,3.3623696504341223
113,31.876288659793815,75,21.073879729288354,7,4.052083333333333,209,150,2.57509443435007
99,76.375,96,13.07729425378201,0,2.4126984126984126,83,155,2.4527764208170186
78,41.851851851851855,92,28.490029059829055,0,3.2375,89,200,2.641094860659438
12,37.944954128440365,78,19.90796938869914,5,3.8425925925925926,96,150,0.26790612238604933
9,60.15909090909091,95,26.768742950941007,3,4.689655172413793,118,200,0.3184555955609077
92,44.294871794871796,84,25.909660100472664,3,3.857142857142857,86,200,3.12567090519812
87,71.4952380952381,91,19.992914844787634,3,3.3365384615384617,231,200,3.2436073118423594
116,44.29059829059829,92,27.809197220872786,2,4.75,129,160,3.1409761479595084
35,41.54621848739496,80,25.775288764827568,9,3.5847457627118646,158,150,0.8000724073359848
117,53.0531914893617,87,28.212479139134473,3,3.774193548387097,124,160,3.2010945393077628
75,39.38461538461539,70,20.67280560346703,3,4.2631578947368425,195,155,1.8413918935423335
35,31.125,65,19.658852614308678,9,5.352112676056338,159,125,0.6437385401669178
66,33.979166666666664,80,24.15444195116547,3,4.404255319148936,101,155,1.5778059807297955
117,51.422222222222224,86,23.2498400366195,0,4.0227272727272725,234,200,4.219183389718286
45,37.795918367346935,67,19.84015675530233,1,4.5625,64,200,1.4914243409135444
31,27.418803418803417,63,17.142060690653256,6,3.9051724137931036,110,150,0.6852556465208276
83,54.2183908045977,97,27.86932779765685,3,3.2906976744186047,137,160,2.280760350570027
110,50.0989010989011,87,29.582833953603604,9,3.6555555555555554,75,200,3.7890077002519895
108,20.24590163934426,51,17.674336064887626,12,3.5166666666666666,230,125,1.9898001308936417
107,40.432203389830505,74,26.170393031367713,12,3.58974358974359,84,125,1.9643953058549335
48,52.41935483870968,68,11.443477346388871,0,2.2666666666666666,112,110,0.7462099382660904
37,25.58974358974359,58,16.985239366712207,4,4.311688311688312,115,160,0.9658433895018863
86,55.082352941176474,73,14.533702629086873,0,3.4404761904761907,152,150,1.9701159874608114
8,28.11627906976744,53,13.558159479820983,2,3.9285714285714284,172,160,0.2118066400806207
117,65.60975609756098,73,4.957763307549316,0,2.475,195,125,2.2066403948284177
86,30.944444444444443,82,25.206125553763687,9,4.132075471698113,210,160,2.3400525771182847
41,53.80246913580247,75,19.294609848660077,1,3.3875,185,150,0.9485133479427313
30,45.31428571428572,86,24.5718826093156,2,3.8846153846153846,73,150,0.6730721504250958
69,23.516129032258064,40,10.829681339671751,2,3.2,155,110,1.0569641951791264
76,27.07894736842105,55,13.63119792192541,1,4.45945945945946,206,150,1.7086815606332586
9,42.21153846153846,79,23.413783365344653,4,3.407766990291262,242,125,0.1696490373780737
79,56.395348837209305,79,15.172097300842083,0,3.642857142857143,157,160,2.163828948369613
88,53.34146341463415,66,8.507126871894833,0,2.25,68,150,1.9639475898850345
75,44.62337662337662,77,23.907309625582705,4,3.513157894736842,66,125,1.37184032886682
92,32.415841584158414,81,24.788718020975175,12,4.31,228,125,1.721455532306549
27,21.647058823529413,51,12.266363267899301,2,5.090909090909091,138,160,0.7026488858989871
73,42.333333333333336,84,25.712426740564354,2,3.864864864864865,234,200,2.5999589906346876
111,34.319148936170215,88,27.595178720881524,12,5.258064516129032,230,200,3.9353517976196493
31,45.09803921568628,91,27.852028406408813,2,3.98,84,155,0.7493291596792625
20,57.24742268041237,84,22.534295021595646,3,3.1145833333333335,236,160,0.5647003015408024
95,40.49152542372882,69,19.2224911358984,1,3.706896551724138,165,125,1.7566414363082683
8,46.9344262295082,81,27.17633303317068,3,4.3,114,125,0.14824151642692382
53,40.627450980392155,62,18.3559156295876,0,3.4,109,110,0.819267312465783
74,50.43181818181818,60,5.812985961201348,0,2.372093023255814,89,110,1.1416381767020054
95,46.320754716981135,73,18.789573167258506,2,3.423076923076923,230,110,1.5045130960377266
83,63.16326530612245,76,11.251026145991124,1,3.2708333333333335,85,150,1.8862147704217904
44,39.255319148936174,68,22.586446778757242,2,3.5652173913043477,98,110,0.6800930224805245
112,43.691588785046726,75,24.869908708276455,11,3.7830188679245285,182,125,2.0982426216873833
113,44.79710144927536,79,25.04290793768198,4,3.8970588235294117,175,150,2.5963298493824682
55,34.093023255813954,62,18.875126925171113,5,3.0941176470588236,94,200,1.8293495999569611
43,40.310679611650485,75,21.21230139815313,7,4.245098039215686,235,125,0.8084485801190178
15,41.256637168141594,79,27.18529624731343,4,3.3839285714285716,62,155,0.3589697386604759
104,28.31578947368421,72,24.58794305498077,9,3.767857142857143,68,125,1.8794323220928664
41,53.577777777777776,65,5.859423137662345,0,2.3863636363636362,118,110,0.636943923205913
85,77.56521739130434,94,7.6489617764170355,0,2.2280701754385963,119,150,1.9715563578117505
46,40.6,71,21.006334448363948,5,3.8771929824561404,214,125,0.8607023867986555
49,47.515151515151516,88,29.301416395028088,6,3.510204081632653,108,125,0.9090100970961271
24,18.396039603960396,45,11.86564990557196,8,3.83,168,125,0.4345383499451635
64,50.779661016949156,81,22.488466193795816,0,3.7241379310344827,77,200,2.179287426387357
54,30.942528735632184,59,14.320916558543328,5,3.5348837209302326,236,110,0.8447815479959315
76,57.2037037037037,83,16.717012436470142,0,2.641509433962264,247,150,1.7856033540837972
108,70.65346534653466,90,17.710228427710085,1,3.26,150,160,3.017972033532844
12,30.571428571428573,75,20.997327332354487,5,4.867469879518072,189,155,0.2915677870259662
44,34.30337078651685,79,18.578351842322398,1,3.965909090909091,239,125,0.8199952938932619
21,58.285714285714285,85,22.88812834844716,1,3.3421052631578947,92,125,0.39015047495097777
105,59.97872340425532,70,6.752428599202258,0,2.869565217391304,129,125,1.9482793667221698
70,48.48936170212766,96,28.11895123829322,4,3.4301075268817205,133,160,1.9081493721603309
20,54.31578947368421,80,26.362624988922402,2,4.017857142857143,162,160,0.5529044174094595
61,57.229166666666664,88,27.676132605048384,3,4.468085106382978,107,160,1.671254200805124
21,52.765957446808514,86,19.861448561897813,0,4.0,214,160,0.5838870744673186
60,37.84722222222222,61,18.57765961385866,3,3.2816901408450705,176,110,0.9360514385356397
55,89.11965811965813,114,12.315067828055739,0,2.543103448275862,159,200,2.0383324409957466
39,38.48571428571429,78,24.52913303292513,2,4.970588235294118,171,160,1.05716793462489
27,38.921052631578945,69,18.165006235163965,0,3.972972972972973,129,125,0.49486732533856437
112,29.62135922330097,70,21.207306171357924,10,4.078431372549019,118,160,2.9598640636861364
72,21.77173913043478,45,12.131618104976376,10,3.21978021978022,188,155,1.7208958682387914
5,47.54,88,26.53730204824899,5,4.414141414141414,225,160,0.13966357448577493
79,38.19642857142857,64,21.104687734902765,3,4.745454545454545,178,110,1.2357803186122986
89,14.357142857142858,41,9.20680759668893,5,4.709090909090909,135,200,2.8832844828443167
33,32.953125,78,24.521947878061706,5,3.9365079365079363,68,160,0.8643444177634927
51,42.21111111111111,73,18.65683934435272,5,3.8764044943820224,91,110,0.788683985870363
42,14.75438596491228,51,14.167272269930065,19,3.6607142857142856,179,200,1.3990284231558732
59,55.09230769230769,71,14.192872617482855,1,3.390625,100,110,0.9195191139161344
68,66.02631578947368,84,15.868130107018263,0,3.079646017699115,195,160,1.9074625689909044
94,38.214285714285715,76,21.752902691599665,5,4.670103092783505,141,200,3.2147858799015254
24,37.68103448275862,69,20.065667684368258,1,4.034782608695652,122,150,0.5379647683679264
16,43.339285714285715,95,26.017354637759365,3,4.297297297297297,155,160,0.4351299655776196
53,23.55,61,17.044720590259026,14,3.6582278481012658,105,125,0.9578054310596226
107,37.02150537634409,68,19.40844428494461,0,4.054347826086956,101,125,1.9491935420355964
40,24.428571428571427,68,19.157421609420417,7,4.82258064516129,176,155,0.9612855335773826
35,26.625,61,15.647983096872261,7,4.784810126582278,206,160,0.9381386520759804
85,59.8433734939759,94,29.531882680310698,7,3.8292682926829267,70,160,2.320584417547115
100,63.78888888888889,80,13.015797618829245,0,3.056179775280899,211,125,1.8979713451975178
18,71.92,97,27.37042686307005,4,3.5,82,200,0.6418739937655915
57,37.490566037735846,84,23.405871414257007,2,4.0285714285714285,129,200,1.936657524980237
97,41.03488372093023,74,22.960252649539058,5,3.8823529411764706,186,155,2.386567074841824
53,35.72527472527472,69,18.865670860386548,2,4.455555555555556,202,125,0.9831283322091412
106,30.94736842105263,62,19.80689322914075,6,4.324324324324325,134,110,1.6376865211019935
25,47.89041095890411,86,22.122053487776498,1,3.513888888888889,219,160,0.6926884351627227
95,27.48936170212766,64,18.719511200685126,2,4.282608695652174,157,150,2.12135763472523
101,54.5,85,21.176834828022184,2,3.1052631578947367,199,160,2.8066872407877104
74,53.275,69,19.26913010491133,1,4.615384615384615,96,150,1.6782495857600996
80,53.75,86,23.853159419366534,2,3.720720720720721,171,125,1.5038137735588921
50,51.41904761904762,91,28.48651508960184,5,3.75,63,155,1.2137556726833052
6,40.76315789473684,92,26.43306761826768,5,4.548672566371682,179,160,0.1639482983427072
96,51.470588235294116,92,30.899681412899476,12,3.2976190476190474,172,125,1.8144849637001925
52,40.869565217391305,85,23.161007364313942,2,4.794117647058823,85,150,1.1638335984396269
80,73.12244897959184,88,11.664760559070988,0,2.4791666666666665,198,160,2.2589446257938746
67,28.29126213592233,64,17.433719736301434,9,4.578431372549019,199,160,1.8006256910045657
38,26.872340425531913,53,15.908805298065912,6,4.739130434782608,168,110,0.5874209649608094
88,43.75824175824176,79,26.40152370700303,2,4.033333333333333,132,125,1.6296685947780454
107,45.5531914893617,73,18.913924298452375,0,4.086956521739131,152,110,1.672621291325302
28,44.4625,86,24.921348152738446,1,4.341772151898734,175,200,0.9795154058840576
44,50.4,80,19.277390325917505,0,4.090909090909091,96,155,1.065942034708307
107,28.537634408602152,69,17.951283621270353,5,4.739130434782608,197,160,2.8705555526023767
20,55.60344827586207,74,8.370596434013393,0,2.087719298245614,179,110,0.31448913927898314
67,43.44444444444444,72,26.658795134527207,6,3.9318181818181817,105,125,1.2361454570729107
110,39.75609756097561,90,24.27010656292732,2,5.567901234567901,133,200,3.7682362238924445
37,26.596153846153847,55,17.171375572540903,4,4.921568627450981,132,160,0.9721955157927092
92,45.03883495145631,87,23.962722801876147,4,4.284313725490196,227,155,2.2995513564178807
45,54.94505494505494,86,26.850159161073943,7,3.966666666666667,203,160,1.2633857186897677
61,33.05813953488372,73,21.991200487109634,2,3.588235294117647,113,150,1.3593669911109652
